name,gw,predicted_points
Elliot Anderson,1,2.24
James Tarkowski,1,5.805
Ollie Watkins,1,2.67
Iliman Ndiaye,1,6.295
Charalampos Kostoulas,1,0.20005009713356123
Jakub Kiwior,1,0.20005009713356123
William Saliba,1,3.445
Zain Silcott-Duberry,1,0.20005009713356123
Omar Richards,1,0.20005009713356123
Moisés Caicedo Corozo,1,6.165
Hjalmar Ekdal,1,10.665
Stefan Ortega Moreno,1,0.20005009713356123
Samuel Amissah,1,0.20005009713356123
Giorgi Mamardashvili,1,0.20005009713356123
John McGinn,1,2.09
Myles Peart-Harris,1,0.20005009713356123
Cole Palmer,1,1.03
Bukayo Saka,1,4.58
Mateo Kovačić,1,0.20005009713356123
Jeremie Frimpong,1,0.26
Son Heung-min,1,0.20005009713356123
Albert Sambi Lokonga,1,0.20005009713356123
Nicolas Jackson,1,0.20005009713356123
Antoine Semenyo,1,5.535
Harry Amass,1,0.20005009713356123
Aaron Ramsdale,1,0.20005009713356123
Jadon Sancho,1,0.20005009713356123
Ethan Pinnock,1,0.20005009713356123
Mason Mount,1,2.345
Dango Ouattara,1,0.20005009713356123
James Hill,1,5.343703876433738
Diogo Dalot Teixeira,1,2.945
George Earthy,1,0.20005009713356123
Lisandro Martínez,1,0.20005009713356123
Bashir Humphreys,1,0.20005009713356123
Ethan Nwaneri,1,0.20005009713356123
Maxence Lacroix,1,2.855
Michael Keane,1,6.205
Eiran Cashin,1,0.20005009713356123
Joël Piroe,1,3.105
Steven Benda,1,0.20005009713356123
Aaron Ramsey,1,0.20005009713356123
Anthony Patterson,1,0.20005009713356123
Kevin Danso,1,0.20005009713356123
Harry Maguire,1,3.39
Alex Iwobi,1,5.665
Jefferson Lerma Solís,1,1.175
Kai Havertz,1,0.31
Mikey Moore,1,0.20005009713356123
Jayden Danns,1,0.20005009713356123
Martin Dúbravka,1,4.97
Mike Penders,1,0.20005009713356123
Antonín Kinský,1,0.20005009713356123
Ilia Gruev,1,1.94
Daniel James,1,1.89
Caoimhín Kelleher,1,1.8520833333333335
Fer López González,1,3.17
Adam Aznou,1,0.20005009713356123
Sean Longstaff,1,2.23875
Joe Willock,1,0.20005009713356123
Andrés García,1,0.20005009713356123
Nathan Collins,1,7.65
Jack Harrison,1,0.11
Owen Dodgson,1,0.20005009713356123
Myles Lewis-Skelly,1,0.9113726653119884
Altay Bayındır,1,2.215
Jay Matete,1,0.20005009713356123
Shurandy Sambo,1,0.20005009713356123
Nathaniel Clyne,1,0.20005009713356123
Neco Williams,1,3.495
Julián Araujo Zúñiga,1,0.20005009713356123
David Mota Veiga Teixeira do Carmo,1,0.20005009713356123
Romain Faivre,1,0.20005009713356123
Nazarii Rusyn,1,0.20005009713356123
Luka Vušković,1,0.20005009713356123
Manuel Akanji,1,0.20005009713356123
Daniel Muñoz Mejía,1,2.03
Pedro Lomba Neto,1,2.58
Alphonse Areola,1,0.20005009713356123
Mark Gillespie,1,0.20005009713356123
Coby Ebere,1,0.20005009713356123
Anthony Gordon,1,4.05
Armando Broja,1,0.20005009713356123
Lewis Orford,1,0.20005009713356123
Yerson Mosquera Valdelamar,1,0.20005009713356123
Joe Worrall,1,0.20005009713356123
Nico González Iglesias,1,2.975
Joshua Zirkzee,1,0.20005009713356123
Keane Lewis-Potter,1,5.5
Mamadou Sarr,1,0.20005009713356123
Romaine Mundle,1,0.20005009713356123
Mathys Tel,1,0.128128948055961
Mikkel Damsgaard,1,0.20005009713356123
Kobbie Mainoo,1,0.20005009713356123
Iwan Morgan,1,0.20005009713356123
Joachim Andersen,1,4.515
Roman Dixon,1,0.20005009713356123
Sepp van den Berg,1,6.67
Wilfried Gnonto,1,2.22
Lucas Estella Perri,1,0.515
Micky van de Ven,1,4.455
Emiliano Martínez Romero,1,0.20005009713356123
Borna Sosa,1,0.20005009713356123
Luís Hemir Silva Semedo,1,0.20005009713356123
Nikola Milenković,1,2.22
Brayden Clarke,1,0.20005009713356123
Sam Greenwood,1,0.20005009713356123
Guglielmo Vicario,1,5.88
Max Weiß,1,0.20005009713356123
Mikel Merino Zazón,1,4.093466823406478
İlkay Gündoğan,1,0.20005009713356123
Willy Boly,1,0.20005009713356123
Rob Holding,1,0.20005009713356123
Ismaïla Sarr,1,5.665
Justin Devenny,1,1.4216666666666669
Igor Thiago Nascimento Rodrigues,1,2.96
Aaron Wan-Bissaka,1,1.035
Nathan Fraser,1,0.20005009713356123
Alex Paulsen,1,0.20005009713356123
Hwang Hee-chan,1,1.52
Eric da Silva Moreira,1,0.20005009713356123
Diego León Blanco,1,0.20005009713356123
Daniel Bentley,1,0.20005009713356123
Alex Cairns,1,0.20005009713356123
Fábio Soares Silva,1,0.20005009713356123
Yankuba Minteh,1,2.735
Filip Marschall,1,0.20005009713356123
Pedro Cardoso de Lima,1,0.20005009713356123
Diego Coppola,1,0.20005009713356123
Evann Guessand,1,0.20005009713356123
Walter Benítez,1,0.20005009713356123
Joe Rodon,1,1.71
Rio Cardines,1,0.20005009713356123
Wes Foderingham,1,0.20005009713356123
Chemsdine Talbi,1,2.34
David Møller Wolfe,1,5.8
Anthony Elanga,1,6.12
Bafodé Diakité,1,7.285
Mads Hermansen,1,3.41
Chadi Riad Dnanou,1,0.20005009713356123
Declan Rice,1,4.235
Tom Heaton,1,0.20005009713356123
Liam Delap,1,2.12
Reiss Nelson,1,0.20005009713356123
Bryan Gil Salvatierra,1,0.20005009713356123
Edson Álvarez Velázquez,1,0.20005009713356123
Jhon Arias,1,1.36
Václav Hladký,1,0.20005009713356123
Eberechi Eze,1,2.4
Marc Guiu Paz,1,0.20005009713356123
Ryan Gravenberch,1,0.20005009713356123
Jean-Clair Todibo,1,1.205
Alex Murphy,1,0.20005009713356123
Tyler Fredricson,1,0.20005009713356123
James Maddison,1,0.20005009713356123
Dennis Cirkin,1,0.20005009713356123
Jayden Bogle,1,-0.025
Sean Neave,1,0.20005009713356123
Facundo Buonanotte,1,0.20005009713356123
Chris Rigg,1,0.2571990542860796
Chris Mepham,1,0.20005009713356123
Mark Travers,1,0.20005009713356123
Jean-Ricner Bellegarde,1,1.87
Isaac Schmidt,1,0.20005009713356123
Mohammed Kudus,1,3.08
Leon Bailey,1,0.20005009713356123
Tyrick Mitchell,1,1.525
Samuel Iling-Junior,1,0.20005009713356123
Abdukodir Khusanov,1,0.4025
Rodrigo 'Rodri' Hernandez Cascante,1,0.20005009713356123
Abdoullah Ba,1,0.20005009713356123
Illia Zabarnyi,1,0.20005009713356123
Trai Hume,1,1.435
Lewis Miley,1,1.15
Hákon Rafn Valdimarsson,1,0.20005009713356123
Matai Akinmboni,1,0.20005009713356123
Callum Bates,1,0.20005009713356123
Dan Ndoye,1,5.495
Jack Fletcher,1,0.20005009713356123
Manuel Benson Hedilazio,1,0.20005009713356123
Ferdi Kadıoğlu,1,2.65
Stefan Bajčetić Maquieira,1,0.20005009713356123
Jack Hinshelwood,1,0.20005009713356123
Wilson Odobert,1,1.145
Jacob Ramsey,1,0.20005009713356123
Jair Paula da Cunha Filho,1,0.20005009713356123
Lucas Pires Silva,1,0.20005009713356123
Kieran Trippier,1,1.835
Jenson Seelt,1,1.335
Hugo Bueno López,1,1.37
Alisson Becker,1,1.29
Evan Ferguson,1,0.20005009713356123
John Stones,1,2.155
Caleb Kporha,1,0.20005009713356123
Jamaal Lascelles,1,0.20005009713356123
Ahmed Abdullahi,1,0.20005009713356123
Marshall Munetsi,1,2.33
Marcus Rashford,1,0.20005009713356123
Oliver Sonne,1,2.615
Tariq Lamptey,1,0.20005009713356123
William Osula,1,3.8
Calvin Ramsay,1,0.20005009713356123
Bruno Borges Fernandes,1,2.965
Tijjani Reijnders,1,3.675
Karl Darlow,1,0.20005009713356123
Yoane Wissa,1,0.20005009713356123
Yehor Yarmoliuk,1,3.92
Toti Gomes,1,0.205
Oluwaseun Adewumi,1,0.20005009713356123
Matz Sels,1,2.02
Andrew Robertson,1,5.61
Emile Smith Rowe,1,2.795
Adam Wharton,1,2.295
Kevin Schade,1,4.88
Trey Nyoni,1,0.20005009713356123
Jørgen Strand Larsen,1,2.71
Tom King,1,0.20005009713356123
Pape Matar Sarr,1,3.085
Miodrag Pivaš,1,0.20005009713356123
Ian Poveda-Ocampo,1,0.20005009713356123
Donyell Malen,1,2.3666666666666667
Luca Koleosho,1,0.20005009713356123
Rúben dos Santos Gato Alves Dias,1,1.315
Ismeal Kabia,1,0.20005009713356123
Harrison Armstrong,1,0.20005009713356123
Anton Stach,1,2.45
Noussair Mazraoui,1,0.20005009713356123
Jean-Philippe Mateta,1,3.4
Simon Moore,1,0.20005009713356123
Krisztián Hegyi,1,0.20005009713356123
Blondy Nna Noukeu,1,0.20005009713356123
Romelle Donovan,1,0.20005009713356123
Odysseas Vlachodimos,1,0.20005009713356123
David Ozoh,1,0.20005009713356123
David Raya Martín,1,5.375
Julian Eyestone,1,0.20005009713356123
Sandro Tonali,1,2.22
Mateo Joseph Fernández-Regatillo,1,0.20005009713356123
Angus Gunn,1,0.20005009713356123
Lucas Bergvall,1,1.995
Dan Neil,1,0.20005009713356123
André Onana,1,0.20005009713356123
Martial Godo,1,0.20005009713356123
Ross Barkley,1,0.20005009713356123
Marcus Bettinelli,1,0.20005009713356123
Ollie Scarles,1,0.20005009713356123
João Pedro Ferreira da Silva,1,0.37
Tyler Adams,1,4.355
Oleksandr Zinchenko,1,0.20005009713356123
Tyrone Mings,1,2.06
Konstantinos Mavropanos,1,0.20005009713356123
James Milner,1,0.129031746031746
Adam Smith,1,5.075
Jason Steele,1,0.20005009713356123
Joël Veltman,1,0.20005009713356123
Odsonne Édouard,1,0.20005009713356123
Toby Collyer,1,0.20005009713356123
Asher Agbinone,1,0.20005009713356123
Jacob Murphy,1,0.665
Luke Harris,1,0.20005009713356123
Loum Tchaouna,1,0.985
Marcus Tavernier,1,8.125
Amara Nallo,1,0.20005009713356123
James Garner,1,6.715
Eliezer Mayenda Dossou,1,5.78
Mike Trésor Ndayishimiye,1,0.20005009713356123
Tyler Morton,1,0.20005009713356123
Yasin Özcan,1,0.20005009713356123
Emiliano Buendía Stati,1,0.20005009713356123
Calvin Bassey,1,2.275
Ethan Wheatley,1,0.20005009713356123
Mohamed Salah,1,6.015
Gonçalo Manuel Ganchinho Guedes,1,0.20005009713356123
Tosin Adarabioyo,1,0.20005009713356123
Boubacar Kamara,1,1.23
Jaidon Anthony,1,8.86
Paris Maghoma,1,0.20005009713356123
Mathias Jensen,1,1.675
Kyle Walker,1,6.015
Vitor de Oliveira Nunes dos Reis,1,0.20005009713356123
Josh Laurent,1,1.455
Bart Verbruggen,1,1.555
Tim Iroegbunam,1,1.76
Brandon Austin,1,0.20005009713356123
Cheick Doucouré,1,0.20005009713356123
Yasin Ayari,1,2.07
Rico Henry,1,2.31
Bruno Guimarães Rodriguez Moura,1,5.24
Illan Meslier,1,0.20005009713356123
Isaac Heath,1,0.20005009713356123
Alexander Isak,1,0.20005009713356123
Leandro Trossard,1,0.20005009713356123
Joe Knight,1,0.20005009713356123
Joelinton Cássio Apolinário de Lira,1,1.795
Joe Hodge,1,0.20005009713356123
Jérémy Doku,1,1.555
Sven Botman,1,0.20005009713356123
Antonee Robinson,1,0.20005009713356123
Gabriel Gudmundsson,1,1.515
Michael Obafemi,1,0.20005009713356123
Largie Ramazani,1,0.20005009713356123
Konstantinos Tsimikas,1,0.20005009713356123
Jack Moorhouse,1,0.20005009713356123
Ethan Ampadu,1,0.695
Milos Kerkez,1,1.015
Noni Madueke,1,2.68
David Brooks,1,2.895
Matt Targett,1,0.20005009713356123
Reece James,1,2.585
Rodrigo Bentancur,1,2.26
Raúl Jiménez Rodríguez,1,3.03
Dean Henderson,1,1.86
Federico Chiesa,1,1.94
Riccardo Calafiori,1,9.82
Ben Winterburn,1,0.2571990542860796
Kendry Páez Andrade,1,0.20005009713356123
Harrison Ashby,1,0.20005009713356123
Maxim De Cuyper,1,1.22
Antony dos Santos,1,0.20005009713356123
Robin Roefs,1,1.87
Yang Min-hyeok,1,0.20005009713356123
Conor Bradley,1,0.20005009713356123
Filip Jörgensen,1,0.20005009713356123
Yunus Emre Konak,1,0.20005009713356123
Zach Marsh,1,0.20005009713356123
Isaac Hayden,1,0.20005009713356123
Granit Xhaka,1,3.515
Gustavo Nunes Fernandes Gomes,1,0.20005009713356123
Andrey Nascimento dos Santos,1,3.315
James McConnell,1,0.20005009713356123
Will Hughes,1,1.435
Daniel Adu-Adjei,1,0.20005009713356123
Mads Roerslev Rasmussen,1,0.20005009713356123
Boubacar Traoré,1,0.20005009713356123
Christopher Nkunku,1,0.20005009713356123
Nick Pope,1,1.975
Remy Rees-Dottin,1,0.20005009713356123
Tino Livramento,1,3.135
Danny Welbeck,1,0.565
Maximilian Kilman,1,1.715
Antoñito Cordero Campillo,1,0.20005009713356123
Joe Gelhardt,1,0.20005009713356123
Callan McKenna,1,0.20005009713356123
Ben Broggio,1,0.20005009713356123
Matheus Nunes,1,0.43
Axel Tuanzebe,1,0.20005009713356123
Gabriel Słonina,1,0.20005009713356123
Julio Enciso Espínola,1,0.20005009713356123
Chris Richards,1,2.945
Rhys Williams,1,0.20005009713356123
Dominik Szoboszlai,1,2.925
Daniel Ballard,1,2.065
Jorrel Hato,1,0.20005009713356123
Enes Ünal,1,0.20005009713356123
Sverre Nypan,1,0.20005009713356123
Ashley Barnes,1,0.20005009713356123
Niclas Füllkrug,1,4.52
Lyle Foster,1,1.67
Cristhian Mosquera,1,0.20005009713356123
João Maria Lobo Alves Palhares Costa Palhinha Gonçalves,1,7.835
Endo Wataru,1,2.005
Andreas Hoelgebaum Pereira,1,0.20005009713356123
Lucas Digne,1,1.72
Tom Cairney,1,0.4039318399445779
Lesley Ugochukwu,1,3.005
Harrison Reed,1,0.20005009713356123
Darwin Núñez Ribeiro,1,0.20005009713356123
Martin Ødegaard,1,1.315
Harvey Elliott,1,0.20005009713356123
Dane Scarlett,1,0.20005009713356123
Rodrigo Muniz Carvalho,1,2.32
Dejan Kulusevski,1,0.20005009713356123
Jarrad Branthwaite,1,0.20005009713356123
Manor Solomon,1,0.20005009713356123
João Pedro Junqueira de Jesus,1,9.84
Matt O'Riley,1,3.125
Jordan Pickford,1,9.92
Zian Flemming,1,0.2571990542860796
Abdallah Sima,1,0.20005009713356123
Patrick Roberts,1,0.20005009713356123
Joe White,1,0.20005009713356123
Wilson Isidor,1,2.505
Kepa Arrizabalaga Revuelta,1,0.20005009713356123
Benoît Badiashile Mukinayi,1,0.20005009713356123
Wesley Fofana,1,0.20005009713356123
Manuel Ugarte Ribeiro,1,3.54
Santiago Ignacio Bueno,1,0.20005009713356123
Lewis Cook,1,0.20005009713356123
Carl Rushworth,1,0.20005009713356123
Carlos Henrique Casimiro,1,1.73
Alex Scott,1,1.475
Jake O'Brien,1,5.445
Ben Davies,1,0.20005009713356123
Matheus Santos Carneiro da Cunha,1,3.495
Harry Wilson,1,1.95
Jeremy Sarmiento Morante,1,0.20005009713356123
El Hadji Malick Diouf,1,2.845
Marko Stamenić,1,0.20005009713356123
Sékou Koné,1,0.20005009713356123
Nathan Aké,1,0.20005009713356123
Ibrahim Sangaré,1,1.85
Rico Lewis,1,1.815
Álex Moreno Lopera,1,0.20005009713356123
Malo Gusto,1,2.74
Omar Alderete,1,2.08
Bastien Meupiyou Menadjou,1,0.20005009713356123
Chris Wood,1,2.89
Zépiqueno Redmond,1,0.20005009713356123
Claudio Echeverri,1,0.20005009713356123
Joe Anderson,1,0.20005009713356123
Will Dennis,1,0.20005009713356123
Kenny Tete,1,1.715
Đorđe Petrović,1,4.725
Felipe Rodrigues da Silva,1,0.20005009713356123
Jacob Slater,1,0.20005009713356123
Tom Watson,1,0.20005009713356123
Benjamin Fredrick,1,0.20005009713356123
Charlie Tasker,1,0.20005009713356123
Rio Ngumoha,1,0.20005009713356123
Timothée Pembélé,1,0.20005009713356123
Bernardo Mota Veiga de Carvalho e Silva,1,3.515
Kristoffer Ajer,1,0.20005009713356123
Christian Nørgaard,1,0.20005009713356123
Erling Haaland,1,2.22
Alfie Pond,1,0.20005009713356123
Nayef Aguerd,1,2.755
Philip Billing,1,0.20005009713356123
James Wright,1,0.20005009713356123
Enzo Barrenechea,1,0.20005009713356123
James McAtee,1,0.20005009713356123
Morgan Gibbs-White,1,2.14
Matthijs de Ligt,1,6.14
Séamus Coleman,1,0.20005009713356123
Naouirou Ahamada,1,0.20005009713356123
Virgil van Dijk,1,4.175
Amad Diallo,1,1.325
Solly March,1,0.20005009713356123
Matty Cash,1,2.54
Oscar Bobb,1,1.96
Emmanuel Agbadou,1,12.455
Saša Lukić,1,2.48
Maxwel Cornet,1,0.20005009713356123
Tom Edozie,1,0.20005009713356123
Yves Bissouma,1,0.20005009713356123
Curtis Jones,1,1.73
Cody Gakpo,1,8.25
Lewis O'Brien,1,0.20005009713356123
Hamed Traorè,1,1.79
Nico O'Reilly,1,0.645
Leander Dendoncker,1,0.20005009713356123
Youssef Ramalho Chermiti,1,0.20005009713356123
Sander Berge,1,2.335
Vitaly Janelt,1,0.20005009713356123
Rodrigo Martins Gomes,1,1.04
Mykhailo Mudryk,1,0.20005009713356123
Dwight McNeil,1,0.20005009713356123
Jorge Cuenca Barreno,1,0.585
Ibrahima Konaté,1,2.675
Rayan Aït-Nouri,1,1.655
Gabriel Fernando de Jesus,1,0.20005009713356123
Harry Tyrer,1,0.20005009713356123
Joe Gauci,1,0.20005009713356123
Carlos Baleba,1,1.41
Jamie Bynoe-Gittens,1,1.93
Ryan Yates,1,0.78
Idrissa Gana Gueye,1,3.335
Archie Gray,1,0.37
Michael Kayode,1,7.48
Francisco Evanilson de Lima Barbosa,1,6.56
Alejandro Garnacho Ferreyra,1,0.20005009713356123
Matheus França de Oliveira,1,0.20005009713356123
Issa Diop,1,0.20005009713356123
Benjamin Lecomte,1,0.20005009713356123
Timothy Castagne,1,2.105
Josh Cullen,1,10.005
Hugo Ekitiké,1,7.62
Etienne Green,1,0.20005009713356123
Kim Ji-soo,1,0.20005009713356123
Malcolm Ebiowei,1,0.20005009713356123
Ian Maatsen,1,0.20005009713356123
Matt Doherty,1,1.975
Pau Torres,1,0.20005009713356123
Fabian Schär,1,1.325
Jurriën Timber,1,16.56059870550162
Jaka Bijol,1,0.20005009713356123
Carlos Alcaraz Durán,1,1.27
Mats Wieffer,1,2.4
Chido Obi,1,0.20005009713356123
Olivier Boscagli,1,0.20005009713356123
Eddie Nketiah,1,0.20005009713356123
Martin Sherif,1,0.20005009713356123
Stefanos Tzimas,1,0.20005009713356123
Martín Zubimendi Ibáñez,1,2.535
Amadou Onana,1,2.07
Tawanda Chirewa,1,0.20005009713356123
Lino da Cruz Sousa,1,0.20005009713356123
Reece Welch,1,0.20005009713356123
Enzo Fernández,1,8.345
Guido Rodríguez,1,0.42
Owen Bevan,1,0.20005009713356123
Lewis Dobbin,1,0.20005009713356123
Patrick Bamford,1,0.20005009713356123
Luis Sinisterra Lucumí,1,0.20005009713356123
Sávio Moreira de Oliveira,1,0.20005009713356123
James Trafford,1,1.925
Levi Samuels Colwill,1,0.20005009713356123
Enso González Medina,1,0.20005009713356123
Sebastiaan Bornauw,1,0.20005009713356123
Ryan Trevitt,1,0.20005009713356123
Matthew Cox,1,0.20005009713356123
Jayce Fitzgerald,1,0.20005009713356123
Pierre Ekwah Elimby,1,0.20005009713356123
Emil Krafth,1,0.20005009713356123
Pedro Porro Sauceda,1,4.665
André Trindade da Costa Neto,1,1.515
Takai Kōta,1,0.20005009713356123
Jenson Metcalfe,1,0.20005009713356123
Ármin Pécsi,1,0.20005009713356123
Kadan Young,1,0.20005009713356123
Crysencio Summerville,1,0.20005009713356123
Morgan Rogers,1,2.325
Estêvão Almeida de Oliveira Gonçalves,1,5.525
Igor Jesus Maciel da Cruz,1,1.4
Enock Agyei,1,0.20005009713356123
Noah Sadiki,1,1.785
Matt Turner,1,0.20005009713356123
Bryan Mbeumo,1,5.17
Niall Huggins,1,0.20005009713356123
Connor Roberts,1,0.20005009713356123
Adrien Truffert,1,5.11
Mitoma Kaoru,1,2.51
Dominic Sadi,1,0.20005009713356123
Taiwo Awoniyi,1,0.20005009713356123
Antoni Milambo,1,0.5
Reinildo Mandava,1,2.405
Aarón Anselmino,1,0.20005009713356123
Benjamin Arthur,1,0.20005009713356123
Adrian Mazilu,1,0.20005009713356123
Gabriel Martinelli Silva,1,0.645
Thierno Barry,1,2.28
Ryan Sessegnon,1,0.20005009713356123
Kjell Scherpen,1,0.20005009713356123
Lukas Nmecha,1,2.425
Djed Spence,1,4.455
Freddie Woodman,1,0.20005009713356123
Callum Hudson-Odoi,1,2.485
Florian Wirtz,1,2.575
Tyrique George,1,0.20005009713356123
Vitalii Mykolenko,1,0.20005009713356123
Sam Johnstone,1,0.20005009713356123
Dário Luís Essugo,1,0.20005009713356123
Habib Diarra,1,1.925
Brenden Aaronson,1,1.7
Patrick Dorgu,1,1.785
Callum Wilson,1,2.115104166666667
Nathan Patterson,1,0.20005009713356123
Harrison Jones,1,0.20005009713356123
Georginio Rutter,1,1.145
Nectarios Triantis,1,0.20005009713356123
Bernd Leno,1,3.685
Kyle Walker-Peters,1,0.20005009713356123
Carlos Miguel dos Santos Pereira,1,0.20005009713356123
Ayden Heaven,1,0.20005009713356123
Brajan Gruda,1,3.02
Kiernan Dewsbury-Hall,1,2.495
Tomáš Souček,1,2.155
Ryan Christie,1,0.20005009713356123
Brennan Johnson,1,3.115
Zak Johnson,1,0.20005009713356123
Marc Cucurella Saseta,1,3.94
Ashley Phillips,1,0.20005009713356123
Will Lankshear,1,0.20005009713356123
Dermot Mee,1,0.20005009713356123
Kalvin Phillips,1,0.20005009713356123
Jack Grealish,1,2.46
Tanaka Ao,1,1.655
Quilindschy Hartman,1,4.45
Hannibal Mejbri,1,3.655
Charlie Crew,1,0.20005009713356123
Trevoh Chalobah,1,5.285
Youri Tielemans,1,1.505
Leny Yoro,1,4.685
Tommy Setford,1,0.20005009713356123
Fábio Ferreira Vieira,1,0.20005009713356123
Viktor Gyökeres,1,9.325
José Malheiro de Sá,1,13.876280670929653
Jaydon Banel,1,0.20005009713356123
Josh King,1,2.84
James Ward-Prowse,1,3.915
Darko Churlinov,1,0.20005009713356123
Marcus Edwards,1,0.2571990542860796
Adam Webster,1,0.20005009713356123
Igor Julio dos Santos de Paulo,1,0.20005009713356123
Zach Abbott,1,0.20005009713356123
Roméo Lavia,1,0.20005009713356123
Robert Lynch Sánchez,1,2.68
Marco Bizot,1,1.58
Josh Nichols,1,0.20005009713356123
Aji Alese,1,0.20005009713356123
Benjamin White,1,0.995
Franco Umeh-Chibueze,1,0.20005009713356123
Emerson Palmieri dos Santos,1,0.20005009713356123
Malick Thiaw,1,0.20005009713356123
Luis Díaz Marulanda,1,0.20005009713356123
Ezri Konsa Ngoyo,1,2.0
Dan Burn,1,2.36
Tyrell Malacia,1,0.20005009713356123
Sam Byram,1,0.20005009713356123
Jarrod Bowen,1,2.49
Luke Shaw,1,2.505
Leo Fuhr Hjelde,1,0.20005009713356123
Jacob Bruun Larsen,1,3.955
Maldini Kacurri,1,0.20005009713356123
Fábio Freitas Gouveia Carvalho,1,0.47
Jamaldeen Jimoh-Aloba,1,0.20005009713356123
Garang Kuol,1,0.20005009713356123
Marc Guéhi,1,2.405
Radu Drăgușin,1,0.20005009713356123
Alan Browne,1,0.20005009713356123
Leon Chiwome,1,0.20005009713356123
Joe Gomez,1,2.65
Rasmus Højlund,1,0.20005009713356123
Luke O'Nien,1,0.20005009713356123
Eli Junior Kroupi,1,0.4303823921479272
Justin Kluivert,1,0.20005009713356123
Murillo Costa dos Santos,1,1.235
Norberto Bercique Gomes Betuncal,1,0.86
Lamare Bogarde,1,0.20005009713356123
Dominic Solanke-Mitchell,1,1.64
Lewis Hall,1,0.20005009713356123
Darko Gyabi,1,0.20005009713356123
Diego Gómez Amarilla,1,1.39
Frank Onyeka,1,1.6928333333333334
Arthur Masuaku,1,0.20005009713356123
Ben Doak,1,0.20005009713356123
Lucas Tolentino Coelho de Lima,1,6.84
Destiny Udogie,1,0.20005009713356123
Andy Irving,1,1.385
Julio Soler Barreto,1,0.20005009713356123
Kaelan Casey,1,0.20005009713356123
Saša Kalajdžić,1,0.20005009713356123
Tom McGill,1,0.20005009713356123
Lewis Dunk,1,1.865
Marcos Senesi Barón,1,7.385
Hannes Delcroix,1,0.20005009713356123
Romain Esse,1,0.20005009713356123
Jayden Meghoma,1,0.20005009713356123
Malick Yalcouyé,1,0.20005009713356123
Joško Gvardiol,1,0.20005009713356123
Ola Aina,1,1.41
Callum Olusesi,1,0.20005009713356123
Nicolás Domínguez,1,0.20005009713356123
Callum Marshall,1,0.20005009713356123
Daichi Kamada,1,0.20005009713356123
Remi Matthews,1,0.20005009713356123
Aaron Hickey,1,2.8972516823246166
Jordan Henderson,1,4.175
Norberto Murara Neto,1,0.20005009713356123
Gabriel dos Santos Magalhães,1,2.765
Benjamin Sesko,1,2.255
Elyh Harrison,1,0.20005009713356123
Alexis Mac Allister,1,0.545
Seung-Soo Park,1,0.20005009713356123
Harvey Barnes,1,3.685
Maxime Estève,1,5.795
Jan Paul van Hecke,1,1.46
Adama Traoré Diarra,1,0.3206844094254748
Jordan Beyer,1,0.20005009713356123
Andrew Moran,1,0.20005009713356123
Kaden Rodney,1,0.20005009713356123
Ki-Jana Hoever,1,2.945
Omar Marmoush,1,3.235
Zeki Amdouni,1,0.20005009713356123
Pascal Struijk,1,0.71
Karl Hein,1,0.20005009713356123
Enzo Le Fée,1,0.965
Rayan Cherki,1,3.18
Jesurun Rak-Sakyi,1,0.20005009713356123
Ellery Balcombe,1,0.20005009713356123
Luis Guilherme Lira dos Santos,1,0.20005009713356123
Josh Acheampong,1,1.28
Simon Adingra,1,2.43
Freddie Potts,1,0.20005009713356123
João Victor Gomes da Silva,1,1.715
Richarlison de Andrade,1,3.37
Cristian Romero,1,1.865
Pervis Estupiñán Tenorio,1,0.20005009713356123
Phil Foden,1,0.20005009713356123
Ederson Santana de Moraes,1,0.20005009713356123
Milan Aleksić,1,0.20005009713356123
Reinildo Mandava,2,1.94
Lewis Dobbin,2,0.20005009713356123
Ryan Christie,2,2.12
Zeki Amdouni,2,0.20005009713356123
Lucas Tolentino Coelho de Lima,2,2.735
Jorrel Hato,2,2.53
Myles Peart-Harris,2,0.20005009713356123
Bashir Humphreys,2,0.20005009713356123
Romain Faivre,2,0.20005009713356123
Enock Agyei,2,0.20005009713356123
Callum Bates,2,0.20005009713356123
Harry Tyrer,2,0.20005009713356123
Etienne Green,2,0.20005009713356123
Destiny Udogie,2,0.20005009713356123
Simon Moore,2,0.20005009713356123
Ben Winterburn,2,0.2819332550923755
Mikey Moore,2,0.20005009713356123
Pape Matar Sarr,2,2.3
Hákon Rafn Valdimarsson,2,0.20005009713356123
Toby Collyer,2,0.20005009713356123
Marcos Senesi Barón,2,3.055
Tyler Morton,2,0.20005009713356123
Alexis Mac Allister,2,0.3090184987305241
André Trindade da Costa Neto,2,0.815
Harrison Ashby,2,0.20005009713356123
Samuel Amissah,2,0.20005009713356123
Luís Hemir Silva Semedo,2,0.20005009713356123
Adama Traoré Diarra,2,0.20005009713356123
Yasin Ayari,2,2.325
Mateo Kovačić,2,0.20005009713356123
Thierno Barry,2,5.315
Ollie Scarles,2,0.20005009713356123
Rico Lewis,2,2.28
Brenden Aaronson,2,1.155
Eliezer Mayenda Dossou,2,3.12
Steven Benda,2,0.20005009713356123
Myles Lewis-Skelly,2,0.955
Hugo Bueno López,2,2.355
Milan Aleksić,2,0.20005009713356123
Toti Gomes,2,8.295
Ismaïla Sarr,2,3.14
Abdukodir Khusanov,2,0.2571990542860796
André Onana,2,0.20005009713356123
Rio Cardines,2,0.20005009713356123
Alejandro Garnacho Ferreyra,2,0.20005009713356123
Dan Neil,2,0.20005009713356123
Kiernan Dewsbury-Hall,2,5.22
Kieran Trippier,2,2.33
João Maria Lobo Alves Palhares Costa Palhinha Gonçalves,2,3.605
Tino Livramento,2,1.84
Issa Diop,2,0.20005009713356123
Rasmus Højlund,2,0.20005009713356123
Dane Scarlett,2,0.20005009713356123
Ezri Konsa Ngoyo,2,0.3090184987305241
Caleb Kporha,2,0.20005009713356123
Archie Gray,2,0.3026851653971908
Noah Sadiki,2,3.21
Sávio Moreira de Oliveira,2,0.20005009713356123
Nathan Collins,2,5.135
Manuel Ugarte Ribeiro,2,1.7
Lewis Hall,2,3.265
Wesley Fofana,2,2.84
Martial Godo,2,0.20005009713356123
Leo Fuhr Hjelde,2,0.20005009713356123
Krisztián Hegyi,2,0.20005009713356123
Will Hughes,2,3.38
Jadon Sancho,2,0.20005009713356123
Amine Adli,2,4.64
Micky van de Ven,2,1.625
Konstantinos Mavropanos,2,0.20005009713356123
Emmanuel Agbadou,2,5.29
Oscar Bobb,2,2.465
Oluwaseun Adewumi,2,0.20005009713356123
Jordan Henderson,2,1.55
Harry Wilson,2,1.775
Malick Thiaw,2,3.2028659782799536
Emerson Palmieri dos Santos,2,0.20005009713356123
Trey Nyoni,2,0.20005009713356123
Malo Gusto,2,3.355
Jérémy Doku,2,1.765
Triston Rowe,2,0.20005009713356123
Luis Guilherme Lira dos Santos,2,0.20005009713356123
Sebastiaan Bornauw,2,0.20005009713356123
Kendry Páez Andrade,2,0.20005009713356123
Asher Agbinone,2,0.20005009713356123
Matz Sels,2,6.26
Marko Stamenić,2,0.20005009713356123
Nathan Fraser,2,0.20005009713356123
Evan Ferguson,2,0.20005009713356123
Idrissa Gana Gueye,2,2.095
Justin Devenny,2,1.73
Karl Darlow,2,0.20005009713356123
Habib Diarra,2,4.425
Luis Sinisterra Lucumí,2,0.20005009713356123
Antonín Kinský,2,0.20005009713356123
Jakub Kiwior,2,0.20005009713356123
Fábio Soares Silva,2,0.20005009713356123
Đorđe Petrović,2,1.01
Kim Ji-soo,2,0.20005009713356123
Alphonse Areola,2,0.20005009713356123
Gabriel dos Santos Magalhães,2,2.885
Jamaldeen Jimoh-Aloba,2,0.20005009713356123
Armando Broja,2,0.20005009713356123
Benoît Badiashile Mukinayi,2,0.20005009713356123
Aarón Anselmino,2,0.20005009713356123
Jean-Ricner Bellegarde,2,1.17
Luke Harris,2,0.20005009713356123
Ola Aina,2,1.735
Dominik Szoboszlai,2,1.105
Arnaud Kalimuendo,2,2.47
Marcus Bettinelli,2,0.20005009713356123
Tomáš Souček,2,2.73
Jack Grealish,2,3.35
Ilia Gruev,2,0.97
Kadan Young,2,0.20005009713356123
Endo Wataru,2,0.3090184987305241
Mats Wieffer,2,2.41
İlkay Gündoğan,2,0.20005009713356123
Pedro Porro Sauceda,2,1.975
Daichi Kamada,2,0.20005009713356123
Tyrique George,2,0.20005009713356123
Andy Irving,2,0.2571990542860796
Nick Pope,2,0.7
Karl Hein,2,0.20005009713356123
Ki-Jana Hoever,2,2.51
Fer López González,2,0.5021990542860799
Daniel James,2,2.565
Christopher Nkunku,2,0.20005009713356123
Abdoullah Ba,2,0.20005009713356123
Mike Trésor Ndayishimiye,2,0.20005009713356123
Matthew Cox,2,0.20005009713356123
Darko Gyabi,2,0.20005009713356123
Michael Obafemi,2,0.20005009713356123
Dwight McNeil,2,4.255
Jacob Ramsey,2,1.975
Tom Edozie,2,0.20005009713356123
Coby Ebere,2,0.20005009713356123
Diego Coppola,2,0.20005009713356123
Amadou Onana,2,1.875
Giorgi Mamardashvili,2,0.20005009713356123
Leon Bailey,2,0.20005009713356123
Federico Chiesa,2,1.69
Ryan Sessegnon,2,3.025
John Stones,2,2.375
Isaac Heath,2,0.20005009713356123
Chris Rigg,2,0.2819332550923755
Luke O'Nien,2,0.20005009713356123
Axel Tuanzebe,2,0.20005009713356123
Séamus Coleman,2,0.20005009713356123
Carlos Alcaraz Durán,2,1.09
Jeremy Sarmiento Morante,2,0.20005009713356123
Matt Turner,2,0.20005009713356123
Ethan Wheatley,2,0.20005009713356123
Roman Dixon,2,0.20005009713356123
Charlie Tasker,2,0.20005009713356123
Yoane Wissa,2,0.20005009713356123
Marc Guéhi,2,0.985
Josh Cullen,2,2.69
Erling Haaland,2,2.955
Djed Spence,2,1.49
Julian Eyestone,2,0.20005009713356123
Ármin Pécsi,2,0.20005009713356123
Anton Stach,2,3.885
Jefferson Lerma Solís,2,1.325
Jordan Beyer,2,0.20005009713356123
Jayden Danns,2,0.20005009713356123
Rio Ngumoha,2,4.265
Brandon Austin,2,0.20005009713356123
Zain Silcott-Duberry,2,0.20005009713356123
Sepp van den Berg,2,2.575
Dominic Calvert-Lewin,2,0.20005009713356123
Aaron Wan-Bissaka,2,2.89
Enzo Le Fée,2,2.815
David Ozoh,2,0.20005009713356123
Mark Gillespie,2,0.20005009713356123
Ethan Ampadu,2,0.2526157209527463
Lino da Cruz Sousa,2,0.20005009713356123
Harrison Reed,2,0.20005009713356123
Vitalii Mykolenko,2,0.20005009713356123
Matt Targett,2,0.20005009713356123
Frank Onyeka,2,0.8
Tijjani Reijnders,2,1.755
Igor Julio dos Santos de Paulo,2,0.20005009713356123
Gabriel Słonina,2,0.20005009713356123
Manuel Akanji,2,0.20005009713356123
Bryan Mbeumo,2,2.95
Reece Welch,2,0.20005009713356123
Lewis Cook,2,0.20005009713356123
Tyler Adams,2,2.99
Jamaal Lascelles,2,0.20005009713356123
Andrés García,2,0.20005009713356123
Youri Tielemans,2,4.01
Will Lankshear,2,0.20005009713356123
Iwan Morgan,2,0.20005009713356123
Pierre Ekwah Elimby,2,0.20005009713356123
Crysencio Summerville,2,0.20005009713356123
Philip Billing,2,0.20005009713356123
Cristhian Mosquera,2,1.6037500000000002
Ethan Nwaneri,2,4.34
Bryan Gil Salvatierra,2,0.20005009713356123
Callum Olusesi,2,0.20005009713356123
Elyh Harrison,2,0.20005009713356123
Ellery Balcombe,2,0.20005009713356123
Gustavo Nunes Fernandes Gomes,2,0.20005009713356123
Boubacar Traoré,2,0.20005009713356123
Luka Vušković,2,0.20005009713356123
Kenny Tete,2,1.12
Matt O'Riley,2,6.825
Carl Rushworth,2,0.20005009713356123
Walter Benítez,2,0.20005009713356123
Ibrahim Sangaré,2,1.24
Zak Johnson,2,0.20005009713356123
Brennan Johnson,2,3.11
Dominic Sadi,2,0.20005009713356123
Ian Poveda-Ocampo,2,0.20005009713356123
Rayan Aït-Nouri,2,0.32588095238095244
Carlos Baleba,2,2.295
James Wright,2,0.20005009713356123
Jamie Bynoe-Gittens,2,1.775
Dejan Kulusevski,2,0.20005009713356123
Wilfried Gnonto,2,0.9
Lisandro Martínez,2,0.20005009713356123
El Hadji Malick Diouf,2,6.0
Leon Chiwome,2,0.20005009713356123
João Victor Gomes da Silva,2,1.255
Jaydon Banel,2,0.20005009713356123
Kjell Scherpen,2,0.20005009713356123
Levi Samuels Colwill,2,0.20005009713356123
Harvey Elliott,2,5.99
Olivier Boscagli,2,0.20005009713356123
Takai Kōta,2,0.20005009713356123
Jeremie Frimpong,2,0.2605323876194129
Joe Rodon,2,4.755
Jenson Seelt,2,2.205
Marshall Munetsi,2,0.31
Rhys Williams,2,0.20005009713356123
Josh Laurent,2,1.68
Diego León Blanco,2,0.20005009713356123
Romaine Mundle,2,0.20005009713356123
Will Dennis,2,0.20005009713356123
Callum Wilson,2,1.81
Vitaly Janelt,2,0.20005009713356123
Douglas Luiz Soares de Paulo,2,0.20005009713356123
Marcus Tavernier,2,5.145
Virgil van Dijk,2,4.55
Son Heung-min,2,0.20005009713356123
Antoñito Cordero Campillo,2,0.20005009713356123
Callum Marshall,2,0.20005009713356123
Garang Kuol,2,0.20005009713356123
Fábio Ferreira Vieira,2,0.20005009713356123
Jean-Philippe Mateta,2,2.505
Gabriel Fernando de Jesus,2,0.20005009713356123
Maximilian Kilman,2,12.11
Tawanda Chirewa,2,0.20005009713356123
Elijah Campbell,2,0.20005009713356123
Harry Maguire,2,2.570666666666666
Hjalmar Ekdal,2,3.67
Mason Mount,2,2.18
Paris Maghoma,2,0.20005009713356123
Jair Paula da Cunha Filho,2,0.20005009713356123
Freddie Potts,2,2.68
Joško Gvardiol,2,0.20005009713356123
Matthijs de Ligt,2,2.395
Matheus França de Oliveira,2,0.20005009713356123
Lucas Bergvall,2,2.995
Mikel Merino Zazón,2,0.2277835952284299
Odsonne Édouard,2,1.544166666666667
Joe Knight,2,0.20005009713356123
Zépiqueno Redmond,2,0.20005009713356123
Matheus Santos Carneiro da Cunha,2,1.305
Chemsdine Talbi,2,5.895
Zach Abbott,2,0.20005009713356123
Mykhailo Mudryk,2,0.20005009713356123
Emile Smith Rowe,2,8.125
Yves Bissouma,2,0.20005009713356123
Zian Flemming,2,1.79
Alfie Pond,2,0.20005009713356123
Daniel Ballard,2,1.56
Tim Iroegbunam,2,1.3
Lucas Digne,2,2.305
Mads Hermansen,2,12.515
Viktor Gyökeres,2,4.805
Emiliano Buendía Stati,2,3.085
Benjamin Lecomte,2,0.20005009713356123
Ismeal Kabia,2,0.20005009713356123
Isaac Hayden,2,0.20005009713356123
Adrian Mazilu,2,0.20005009713356123
Jurriën Timber,2,5.61
Kyle Walker,2,2.025
Cole Palmer,2,0.25553238761941294
Maxence Lacroix,2,3.025
Robert Lynch Sánchez,2,3.235
Benjamin Fredrick,2,0.20005009713356123
Brajan Gruda,2,2.58368269937092
James Trafford,2,2.99
Ben Gannon-Doak,2,0.20005009713356123
Saša Kalajdžić,2,0.20005009713356123
Mitoma Kaoru,2,4.635
Michael Keane,2,3.435
Jean-Clair Todibo,2,4.185598705501618
Joelinton Cássio Apolinário de Lira,2,1.715
Francisco Evanilson de Lima Barbosa,2,3.18
Nordi Mukiele,2,0.20005009713356123
Kevin Danso,2,3.1054166666666667
Adam Aznou,2,0.20005009713356123
Ben Davies,2,0.20005009713356123
Trai Hume,2,4.845
Tom Cairney,2,0.2785815544999156
Calvin Bassey,2,2.185
Matai Akinmboni,2,0.20005009713356123
Yehor Yarmoliuk,2,3.615
Norberto Bercique Gomes Betuncal,2,2.815
Christian Nørgaard,2,0.20005009713356123
Dan Ndoye,2,2.32
Bradley Burrowes,2,0.20005009713356123
Martin Sherif,2,0.20005009713356123
Martin Ødegaard,2,1.65
Malick Yalcouyé,2,0.20005009713356123
Charalampos Kostoulas,2,0.20005009713356123
Romain Esse,2,1.435
Mark Travers,2,0.20005009713356123
Altay Bayındır,2,2.53
Largie Ramazani,2,0.20005009713356123
Pedro Lomba Neto,2,4.885
Rodrigo Martins Gomes,2,0.2907037036491879
Yerson Mosquera Valdelamar,2,0.20005009713356123
Iliman Ndiaye,2,6.02
Nicolas Jackson,2,0.20005009713356123
Morgan Rogers,2,1.44
Reiss Nelson,2,0.20005009713356123
Dan Burn,2,1.435
Andreas Hoelgebaum Pereira,2,0.20005009713356123
Lewis Miley,2,0.68
Ahmed Abdullahi,2,0.20005009713356123
James McConnell,2,0.20005009713356123
Tom McGill,2,0.20005009713356123
Brayden Clarke,2,0.20005009713356123
Joe Worrall,2,1.7337500000000003
Owen Dodgson,2,0.20005009713356123
Enzo Fernández,2,7.315
Julio Enciso Espínola,2,0.20005009713356123
Emil Krafth,2,0.20005009713356123
Boubacar Kamara,2,1.49
Hugo Ekitiké,2,3.015
Amara Nallo,2,0.20005009713356123
Andrew Robertson,2,0.2785815544999156
Seung-Soo Park,2,0.20005009713356123
Jason Steele,2,0.20005009713356123
Joe Gauci,2,0.20005009713356123
Callum Hudson-Odoi,2,3.815
Trevoh Chalobah,2,5.56
Guido Rodríguez,2,0.2526157209527463
Kepa Arrizabalaga Revuelta,2,0.20005009713356123
Daniel Adu-Adjei,2,0.20005009713356123
Youssef Ramalho Chermiti,2,0.20005009713356123
Yang Min-hyeok,2,0.20005009713356123
Ibrahima Konaté,2,1.835
Lyle Foster,2,1.43
Rob Holding,2,0.20005009713356123
Manor Solomon,2,0.20005009713356123
Tommy Setford,2,0.20005009713356123
Marcus Edwards,2,0.2819332550923755
Manuel Benson Hedilazio,2,0.20005009713356123
Kalvin Phillips,2,0.20005009713356123
Remy Rees-Dottin,2,0.20005009713356123
Tyrick Mitchell,2,1.86
Matheus Nunes,2,0.5021990542860799
Sam Proctor,2,0.20005009713356123
Harrison Jones,2,0.20005009713356123
Alex Iwobi,2,2.15
Timothy Castagne,2,1.755
Bernd Leno,2,3.92
Claudio Echeverri,2,0.20005009713356123
Giovanni Leoni,2,0.20005009713356123
Owen Bevan,2,0.20005009713356123
Angus Gunn,2,0.20005009713356123
Cody Gakpo,2,3.02
George Earthy,2,0.20005009713356123
Benjamin Arthur,2,0.20005009713356123
Adam Wharton,2,3.78
Tyler Fredricson,2,0.20005009713356123
Ross Barkley,2,0.20005009713356123
Darko Churlinov,2,0.20005009713356123
Sam Byram,2,0.289477897197575
Chris Richards,2,3.23
Jacob Murphy,2,0.2819332550923755
Filip Jörgensen,2,0.20005009713356123
Rodrigo 'Rodri' Hernandez Cascante,2,2.975
Ryan Gravenberch,2,3.42
Naouirou Ahamada,2,0.20005009713356123
Andrey Nascimento dos Santos,2,1.57
Jake O'Brien,2,2.005
Gabriel Martinelli Silva,2,0.2605323876194129
Omar Marmoush,2,3.105
Patrick Bamford,2,0.20005009713356123
Ederson Santana de Moraes,2,0.20005009713356123
Jay Matete,2,0.20005009713356123
James Milner,2,0.2819332550923755
João Pedro Ferreira da Silva,2,0.2571990542860796
Darwin Núñez Ribeiro,2,0.20005009713356123
Nazarii Rusyn,2,0.20005009713356123
Blondy Nna Noukeu,2,0.20005009713356123
Stefan Bajčetić Maquieira,2,0.20005009713356123
Eddie Nketiah,2,0.20005009713356123
Sean Longstaff,2,3.39
Jenson Metcalfe,2,0.20005009713356123
Nathaniel Clyne,2,0.20005009713356123
Pascal Struijk,2,3.23
Morgan Gibbs-White,2,4.61
Joe Gelhardt,2,0.20005009713356123
Mohamed Salah,2,2.165
Calvin Ramsay,2,0.20005009713356123
Benjamin Sesko,2,2.795
João Pedro Junqueira de Jesus,2,7.01
Isaac Schmidt,2,0.20005009713356123
Franco Umeh-Chibueze,2,0.20005009713356123
James Hill,2,4.54381778317023
Bukayo Saka,2,3.16
Santiago Ignacio Bueno,2,3.76
Nicolás Domínguez,2,0.20005009713356123
Remi Matthews,2,0.20005009713356123
Illan Meslier,2,0.20005009713356123
Martin Dúbravka,2,1.045
Yasin Özcan,2,0.20005009713356123
Connor Roberts,2,0.20005009713356123
Murillo Costa dos Santos,2,1.59
Ferdi Kadıoğlu,2,4.255
Aji Alese,2,0.20005009713356123
Kaden Rodney,2,0.20005009713356123
Odysseas Vlachodimos,2,0.20005009713356123
Yunus Emre Konak,2,0.20005009713356123
Kyle Walker-Peters,2,3.225
Gabriel Gudmundsson,2,0.7
Jacob Slater,2,0.20005009713356123
Joe White,2,0.20005009713356123
Tyrell Malacia,2,0.20005009713356123
Ian Maatsen,2,4.065
Nathan Aké,2,2.64
Enso González Medina,2,0.20005009713356123
Jayden Bogle,2,1.155
James Maddison,2,0.20005009713356123
Pervis Estupiñán Tenorio,2,0.20005009713356123
Solly March,2,0.20005009713356123
Wes Foderingham,2,0.20005009713356123
Kobbie Mainoo,2,0.20005009713356123
Ryan Yates,2,0.585
Kevin Schade,2,1.97
David Møller Wolfe,2,2.095598705501618
Arthur Masuaku,2,0.20005009713356123
Filip Marschall,2,0.20005009713356123
Joe Gomez,2,0.2907037036491879
Felipe Rodrigues da Silva,2,0.20005009713356123
Mohammed Kudus,2,2.72
Richarlison de Andrade,2,2.315
Michael Kayode,2,4.845
Granit Xhaka,2,2.29
Mikkel Damsgaard,2,3.685
Albert Sambi Lokonga,2,0.20005009713356123
Declan Rice,2,5.62
Mathias Jensen,2,0.575
Joël Veltman,2,0.20005009713356123
Joachim Andersen,2,1.615
James Garner,2,3.2
Joshua Zirkzee,2,0.20005009713356123
Jayden Meghoma,2,0.20005009713356123
Conor Bradley,2,4.555
Igor Thiago Nascimento Rodrigues,2,1.645
Florian Wirtz,2,2.335
Leandro Trossard,2,2.61
William Saliba,2,2.525
Harry Amass,2,0.20005009713356123
Cheick Doucouré,2,0.20005009713356123
Anthony Elanga,2,1.555
Noni Madueke,2,1.925
Saša Lukić,2,6.085
Max Dowman,2,2.735
Stefan Ortega Moreno,2,0.20005009713356123
Rúben dos Santos Gato Alves Dias,2,2.33
Chris Mepham,2,0.20005009713356123
Joe Willock,2,0.20005009713356123
Elliot Anderson,2,2.575
Jack Hinshelwood,2,1.065
David Brooks,2,1.905
Nikola Milenković,2,2.1
Julio Soler Barreto,2,0.20005009713356123
Mamadou Sarr,2,0.20005009713356123
Lukas Nmecha,2,0.18680952380952373
Loum Tchaouna,2,1.925
Ollie Watkins,2,1.835
James Ward-Prowse,2,6.555
Jarrod Bowen,2,5.39
Nico González Iglesias,2,1.575
Gonçalo Manuel Ganchinho Guedes,2,0.20005009713356123
Alan Browne,2,0.20005009713356123
Jaka Bijol,2,0.20005009713356123
Alex Scott,2,2.515
Lewis O'Brien,2,0.20005009713356123
Patrick Roberts,2,3.575
Álex Moreno Lopera,2,0.20005009713356123
Eric da Silva Moreira,2,0.20005009713356123
Leny Yoro,2,1.315
Shurandy Sambo,2,0.20005009713356123
Diego Gómez Amarilla,2,1.025
Neco Williams,2,1.625
David Mota Veiga Teixeira do Carmo,2,0.20005009713356123
Harrison Armstrong,2,0.2819332550923755
Jackson Tchatchoua,2,3.075
Lucas Pires Silva,2,0.20005009713356123
Anthony Patterson,2,0.20005009713356123
Wilson Isidor,2,1.8419999999999999
Jack Harrison,2,0.2819332550923755
Dango Ouattara,2,3.68
Mathys Tel,2,0.20005009713356123
Charlie Crew,2,0.20005009713356123
Ryan Trevitt,2,0.20005009713356123
Sandro Tonali,2,3.63
Ben Broggio,2,0.20005009713356123
Matt Doherty,2,3.865
Niclas Füllkrug,2,3.34
Maldini Kacurri,2,0.20005009713356123
Donyell Malen,2,1.47
Bafodé Diakité,2,3.25
Leander Dendoncker,2,0.20005009713356123
Robin Roefs,2,0.885
Lesley Ugochukwu,2,3.405
Borna Sosa,2,0.20005009713356123
Kaelan Casey,2,0.20005009713356123
Hamed Traorè,2,0.2526157209527463
Jack Fletcher,2,0.20005009713356123
Riccardo Calafiori,2,3.025
David Raya Martín,2,1.645
Jesurun Rak-Sakyi,2,0.20005009713356123
Nectarios Triantis,2,0.20005009713356123
Romelle Donovan,2,0.20005009713356123
Maxim De Cuyper,2,1.05
Joël Piroe,2,2.8497222222222223
Marco Bizot,2,0.3090184987305241
Maxwel Cornet,2,0.20005009713356123
Vitor de Oliveira Nunes dos Reis,2,0.20005009713356123
Sam Johnstone,2,0.20005009713356123
Antonee Robinson,2,3.16
Jørgen Strand Larsen,2,2.325
Estêvão Almeida de Oliveira Gonçalves,2,3.855
Tom Watson,2,0.20005009713356123
Lucas Estella Perri,2,2.0911666666666666
Timothée Pembélé,2,0.20005009713356123
Roméo Lavia,2,0.20005009713356123
Jan Paul van Hecke,2,5.1
Mike Penders,2,0.20005009713356123
Oleksandr Zinchenko,2,0.20005009713356123
Harvey Barnes,2,5.615
Josh Nichols,2,0.20005009713356123
Jhon Arias,2,1.27
Chido Obi,2,0.20005009713356123
Marc Guiu Paz,2,3.075
Aaron Ramsey,2,0.20005009713356123
John McGinn,2,2.54
Chadi Riad Dnanou,2,0.20005009713356123
Pedro Cardoso de Lima,2,0.20005009713356123
Hannes Delcroix,2,0.20005009713356123
Phil Foden,2,1.985
Tom Heaton,2,0.20005009713356123
Wilson Odobert,2,3.045
Omari Hutchinson,2,3.13
Alex Murphy,2,0.20005009713356123
Bernardo Mota Veiga de Carvalho e Silva,2,0.68
Hannibal Mejbri,2,2.745
Jacob Bruun Larsen,2,1.66
Dennis Cirkin,2,0.20005009713356123
Daniel Muñoz Mejía,2,2.245
Bastien Meupiyou Menadjou,2,0.20005009713356123
Radu Drăgușin,2,0.20005009713356123
Noah Okafor,2,1.765
Dean Henderson,2,2.3275
Jayce Fitzgerald,2,0.20005009713356123
Nayef Aguerd,2,5.745
Danny Welbeck,2,5.69
Tom King,2,0.20005009713356123
Maxime Estève,2,2.885
Antoine Semenyo,2,5.985
Rodrigo Muniz Carvalho,2,4.43
Sven Botman,2,0.20005009713356123
Omar Alderete,2,2.435
Nico O'Reilly,2,0.289477897197575
Liam Delap,2,2.24
Malcolm Ebiowei,2,0.20005009713356123
Benjamin White,2,0.3090184987305241
Miodrag Pivaš,2,0.20005009713356123
Freddie Woodman,2,0.20005009713356123
Adam Webster,2,0.20005009713356123
Reece James,2,2.385
Alex Paulsen,2,0.20005009713356123
Chris Wood,2,3.295
Rayan Cherki,2,1.765
Emiliano Martínez Romero,2,1.295
Josh King,2,1.81
Lewis Dunk,2,2.13
Willy Boly,2,0.20005009713356123
William Osula,2,3.075
Luca Koleosho,2,0.20005009713356123
Omar Richards,2,0.20005009713356123
Anthony Gordon,2,4.535
Antoni Milambo,2,0.5021990542860799
Martín Zubimendi Ibáñez,2,1.29
Jaidon Anthony,2,3.795
Curtis Jones,2,1.905
Caoimhín Kelleher,2,1.5
James McAtee,2,2.375
Guglielmo Vicario,2,2.405
Zach Marsh,2,0.20005009713356123
Joe Anderson,2,0.20005009713356123
Noussair Mazraoui,2,0.20005009713356123
Cristian Romero,2,3.4
Václav Hladký,2,0.20005009713356123
Mads Roerslev Rasmussen,2,0.20005009713356123
Diogo Dalot Teixeira,2,5.8
Justin Kluivert,2,4.615
Keane Lewis-Potter,2,0.61
Kristoffer Ajer,2,3.162309523809524
Georginio Rutter,2,0.3090184987305241
Hwang Hee-chan,2,0.2819332550923755
Ashley Phillips,2,0.20005009713356123
Quilindschy Hartman,2,3.31
Bruno Guimarães Rodriguez Moura,2,2.825
Eiran Cashin,2,0.20005009713356123
Nathan Patterson,2,0.20005009713356123
Andrew Moran,2,0.20005009713356123
Adrien Truffert,2,1.53
Enes Ünal,2,0.20005009713356123
Dário Luís Essugo,2,0.20005009713356123
Aaron Ramsdale,2,0.20005009713356123
Moisés Caicedo Corozo,2,4.02
Taiwo Awoniyi,2,0.20005009713356123
Niall Huggins,2,0.20005009713356123
Konstantinos Tsimikas,2,0.20005009713356123
Adam Smith,2,0.765
Tyrone Mings,2,1.54
Luke Shaw,2,1.84
Aaron Hickey,2,1.15
Sékou Koné,2,0.20005009713356123
Jordan Pickford,2,3.09
Enzo Barrenechea,2,0.20005009713356123
Pau Torres,2,2.91
Bart Verbruggen,2,1.005
Tariq Lamptey,2,0.20005009713356123
Ashley Barnes,2,0.20005009713356123
Sverre Nypan,2,0.20005009713356123
Josh Acheampong,2,0.29526849873052413
Igor Jesus Maciel da Cruz,2,2.605
Illia Zabarnyi,2,0.20005009713356123
Eli Junior Kroupi,2,2.408880952380952
Julián Araujo Zúñiga,2,0.20005009713356123
Milos Kerkez,2,2.225
Lamare Bogarde,2,1.935
Dermot Mee,2,0.20005009713356123
Alisson Becker,2,1.33
Fabian Schär,2,4.015
Marc Cucurella Saseta,2,1.63
Norberto Murara Neto,2,0.20005009713356123
Max Weiß,2,0.20005009713356123
Amad Diallo,2,2.28
Jorge Cuenca Barreno,2,0.25553238761941294
Oliver Sonne,2,0.29752773657894954
Edson Álvarez Velázquez,2,0.20005009713356123
Yankuba Minteh,2,5.485
Eberechi Eze,2,0.25553238761941294
Lewis Orford,2,0.20005009713356123
Simon Adingra,2,3.09
Alexander Isak,2,0.20005009713356123
Dominic Solanke-Mitchell,2,3.161666666666666
Rodrigo Bentancur,2,4.75
Patrick Dorgu,2,1.925
Ayden Heaven,2,3.0214013421885624
James Tarkowski,2,1.62
Facundo Buonanotte,2,0.20005009713356123
Jack Moorhouse,2,0.20005009713356123
Carlos Henrique Casimiro,2,0.53
José Malheiro de Sá,2,4.245
Callan McKenna,2,0.20005009713356123
Fábio Freitas Gouveia Carvalho,2,0.2571990542860796
Sean Neave,2,0.20005009713356123
Luis Díaz Marulanda,2,0.20005009713356123
Joe Hodge,2,0.20005009713356123
Sander Berge,2,1.21
Tanaka Ao,2,1.85875
Carlos Miguel dos Santos Pereira,2,0.20005009713356123
Matty Cash,2,2.615
Bruno Borges Fernandes,2,1.295
Stefanos Tzimas,2,0.20005009713356123
Daniel Bentley,2,0.20005009713356123
Marcus Rashford,2,0.20005009713356123
Rico Henry,2,3.212916666666666
Samuel Iling-Junior,2,0.20005009713356123
Abdallah Sima,2,0.20005009713356123
Tosin Adarabioyo,2,2.67
Sam Greenwood,2,0.20005009713356123
Jarrad Branthwaite,2,0.20005009713356123
Ethan Pinnock,2,0.20005009713356123
Alex Cairns,2,0.20005009713356123
Mateo Joseph Fernández-Regatillo,2,0.20005009713356123
Kai Havertz,2,0.4303823921479272
Raúl Jiménez Rodríguez,2,1.87
Evann Guessand,2,1.475
Antony dos Santos,2,0.20005009713356123
Tyler Onyango,2,0.20005009713356123
